entity_name,entity_type,country_orig,subcountry_orig,city_orig,country_code,city_geonameid,score_1,city_geonameid_1,city_name_1,admin1_name_1,score_2,city_geonameid_2,city_name_2,admin1_name_2,score_3,city_geonameid_3,city_name_3,admin1_name_3
andorra,natgov,andorra,,andorra la vella,ad,3041563,100.0,3041563,andorra la vella,andorra la vella,31.2,3039604,pas de la casa,encamp,26.3,3039163,sant julià de lòria,sant julià de loria
abu dhabi fund for development,ngo,united arab emirates,,abu dhabi,ae,292968,100.0,292968,abu dhabi,abu dhabi,55.6,292953,adh dhayd,sharjah,33.3,292223,dubai,dubai
borouge,priv,united arab emirates,,abu dhabi,ae,292968,100.0,292968,abu dhabi,abu dhabi,55.6,292953,adh dhayd,sharjah,33.3,292223,dubai,dubai
environment agency abu dhabi,subgov,united arab emirates,,abu dhabi,ae,292968,100.0,292968,abu dhabi,abu dhabi,55.6,292953,adh dhayd,sharjah,33.3,292223,dubai,dubai
eye on earth,ngo,united arab emirates,,abu dhabi,ae,292968,100.0,292968,abu dhabi,abu dhabi,55.6,292953,adh dhayd,sharjah,33.3,292223,dubai,dubai
international renewable energy agency,intergov,united arab emirates,,abu dhabi,ae,292968,100.0,292968,abu dhabi,abu dhabi,55.6,292953,adh dhayd,sharjah,33.3,292223,dubai,dubai
united arab emirates,natgov,united arab emirates,,abu dhabi,ae,292968,100.0,292968,abu dhabi,abu dhabi,55.6,292953,adh dhayd,sharjah,33.3,292223,dubai,dubai
zayed future energy prize,ngo,united arab emirates,,abu dhabi,ae,292968,100.0,292968,abu dhabi,abu dhabi,55.6,292953,adh dhayd,sharjah,33.3,292223,dubai,dubai
aras group,priv,united arab emirates,,dubai,ae,292223,100.0,292223,dubai,dubai,50.0,291339,murbaḩ,sharjah,37.5,291279,muzayri‘,abu dhabi
dubai,subgov,united arab emirates,,dubai,ae,292223,100.0,292223,dubai,dubai,50.0,291339,murbaḩ,sharjah,37.5,291279,muzayri‘,abu dhabi
