country code,iso3,iso-numeric,fips,country,capital,area(in sq km),population,continent,tld,currencycode,currencyname,phone,postal code format,postal code regex,languages,geonameid,neighbours,equivalentfipscode
Ad,And,20,An,Andorra,Andorra La Vella,468.0,77006,Eu,.Ad,Eur,Euro,376,Ad###,^(?:Ad)*(\D{3})$,Ca,3041565,"Es,Fr",
Ae,Are,784,Ae,United Arab Emirates,Abu Dhabi,82880.0,9630959,As,.Ae,Aed,Dirham,971,,,"Ar-Ae,Fa,En,Hi,Ur",290557,"Sa,Om",
Af,Afg,4,Af,Afghanistan,Kabul,647500.0,37172386,As,.Af,Afn,Afghani,93,,,"Fa-Af,Ps,Uz-Af,Tk",1149361,"Tm,Cn,Ir,Tj,Pk,Uz",
Ag,Atg,28,Ac,Antigua And Barbuda,St. John'S,443.0,96286,Na,.Ag,Xcd,Dollar,+1-268,,,En-Ag,3576396,,
Ai,Aia,660,Av,Anguilla,The Valley,102.0,13254,Na,.Ai,Xcd,Dollar,+1-264,,,En-Ai,3573511,,
Al,Alb,8,Al,Albania,Tirana,28748.0,2866376,Eu,.Al,All,Lek,355,####,^(\D{4})$,"Sq,El",783754,"Mk,Gr,Me,Rs,Xk",
Am,Arm,51,Am,Armenia,Yerevan,29800.0,2951776,As,.Am,Amd,Dram,374,######,^(\D{6})$,Hy,174982,"Ge,Ir,Az,Tr",
Ao,Ago,24,Ao,Angola,Luanda,1246700.0,30809762,Af,.Ao,Aoa,Kwanza,244,,,Pt-Ao,3351879,"Cd,Na,Zm,Cg",
Aq,Ata,10,Ay,Antarctica,,14000000.0,0,An,.Aq,,,,,,,6697173,,
Ar,Arg,32,Ar,Argentina,Buenos Aires,2766890.0,44494502,Sa,.Ar,Ars,Peso,54,@####@@@,"^[A-Z]?\D{4}[A-Z]{0,3}$","Es-Ar,En,It,De,Fr,Gn",3865483,"Cl,Bo,Uy,Py,Br",
As,Asm,16,Aq,American Samoa,Pago Pago,199.0,55465,Oc,.As,Usd,Dollar,+1-684,#####-####,96799,"En-As,Sm,To",5880801,,
At,Aut,40,Au,Austria,Vienna,83858.0,8847037,Eu,.At,Eur,Euro,43,####,^(\D{4})$,"De-At,Hr,Hu,Sl",2782113,"Ch,De,Hu,Sk,Cz,It,Si,Li",
Au,Aus,36,As,Australia,Canberra,7686850.0,24992369,Oc,.Au,Aud,Dollar,61,####,^(\D{4})$,En-Au,2077456,,
Aw,Abw,533,Aa,Aruba,Oranjestad,193.0,105845,Na,.Aw,Awg,Guilder,297,,,"Nl-Aw,Pap,Es,En",3577279,,
Ax,Ala,248,,Aland Islands,Mariehamn,1580.0,26711,Eu,.Ax,Eur,Euro,+358-18,#####,^(?:Fi)*(\D{5})$,Sv-Ax,661882,,Fi
Az,Aze,31,Aj,Azerbaijan,Baku,86600.0,9942334,As,.Az,Azn,Manat,994,Az ####,^(?:Az)*(\D{4})$,"Az,Ru,Hy",587116,"Ge,Ir,Am,Tr,Ru",
Ba,Bih,70,Bk,Bosnia And Herzegovina,Sarajevo,51129.0,3323929,Eu,.Ba,Bam,Marka,387,#####,^(\D{5})$,"Bs,Hr-Ba,Sr-Ba",3277605,"Hr,Me,Rs",
Bb,Brb,52,Bb,Barbados,Bridgetown,431.0,286641,Na,.Bb,Bbd,Dollar,+1-246,Bb#####,^(?:Bb)*(\D{5})$,En-Bb,3374084,,
Bd,Bgd,50,Bg,Bangladesh,Dhaka,144000.0,161356039,As,.Bd,Bdt,Taka,880,####,^(\D{4})$,"Bn-Bd,En",1210997,"Mm,In",
Be,Bel,56,Be,Belgium,Brussels,30510.0,11422068,Eu,.Be,Eur,Euro,32,####,^(\D{4})$,"Nl-Be,Fr-Be,De-Be",2802361,"De,Nl,Lu,Fr",
Bf,Bfa,854,Uv,Burkina Faso,Ouagadougou,274200.0,19751535,Af,.Bf,Xof,Franc,226,,,"Fr-Bf,Mos",2361809,"Ne,Bj,Gh,Ci,Tg,Ml",
Bg,Bgr,100,Bu,Bulgaria,Sofia,110910.0,7000039,Eu,.Bg,Bgn,Lev,359,####,^(\D{4})$,"Bg,Tr-Bg,Rom",732800,"Mk,Gr,Ro,Tr,Rs",
Bh,Bhr,48,Ba,Bahrain,Manama,665.0,1569439,As,.Bh,Bhd,Dinar,973,####|###,^(\D{3}\D?)$,"Ar-Bh,En,Fa,Ur",290291,,
Bi,Bdi,108,By,Burundi,Gitega,27830.0,11175378,Af,.Bi,Bif,Franc,257,,,"Fr-Bi,Rn",433561,"Tz,Cd,Rw",
Bj,Ben,204,Bn,Benin,Porto-Novo,112620.0,11485048,Af,.Bj,Xof,Franc,229,,,Fr-Bj,2395170,"Ne,Tg,Bf,Ng",
Bl,Blm,652,Tb,Saint Barthelemy,Gustavia,21.0,8450,Na,.Gp,Eur,Euro,590,#####,^(\D{5})$,Fr,3578476,,
Bm,Bmu,60,Bd,Bermuda,Hamilton,53.0,63968,Na,.Bm,Bmd,Dollar,+1-441,@@ ##,^([A-Z]{2}\D{2})$,"En-Bm,Pt",3573345,,
Bn,Brn,96,Bx,Brunei,Bandar Seri Begawan,5770.0,428962,As,.Bn,Bnd,Dollar,673,@@####,^([A-Z]{2}\D{4})$,"Ms-Bn,En-Bn",1820814,My,
Bo,Bol,68,Bl,Bolivia,Sucre,1098580.0,11353142,Sa,.Bo,Bob,Boliviano,591,,,"Es-Bo,Qu,Ay",3923057,"Pe,Cl,Py,Br,Ar",
Bq,Bes,535,,"Bonaire, Saint Eustatius And Saba",,328.0,18012,Na,.Bq,Usd,Dollar,599,,,"Nl,Pap,En",7626844,,
Br,Bra,76,Br,Brazil,Brasilia,8511965.0,209469333,Sa,.Br,Brl,Real,55,#####-###,^\D{5}-\D{3}$,"Pt-Br,Es,En,Fr",3469034,"Sr,Pe,Bo,Uy,Gy,Py,Gf,Ve,Co,Ar",
Bs,Bhs,44,Bf,Bahamas,Nassau,13940.0,385640,Na,.Bs,Bsd,Dollar,+1-242,,,En-Bs,3572887,,
Bt,Btn,64,Bt,Bhutan,Thimphu,47000.0,754394,As,.Bt,Btn,Ngultrum,975,,,Dz,1252634,"Cn,In",
Bv,Bvt,74,Bv,Bouvet Island,,49.0,0,An,.Bv,Nok,Krone,,,,,3371123,,
Bw,Bwa,72,Bc,Botswana,Gaborone,600370.0,2254126,Af,.Bw,Bwp,Pula,267,,,"En-Bw,Tn-Bw",933860,"Zw,Za,Na",
By,Blr,112,Bo,Belarus,Minsk,207600.0,9485386,Eu,.By,Byn,Belarusian Ruble,375,######,^(\D{6})$,"Be,Ru",630336,"Pl,Lt,Ua,Ru,Lv",
Bz,Blz,84,Bh,Belize,Belmopan,22966.0,383071,Na,.Bz,Bzd,Dollar,501,,,"En-Bz,Es",3582678,"Gt,Mx",
Ca,Can,124,Ca,Canada,Ottawa,9984670.0,37058856,Na,.Ca,Cad,Dollar,1,@#@ #@#,^([Abceghjklmnprstvxy]\D[Abceghjklmnprstvwxyz]) ?(\D[Abceghjklmnprstvwxyz]\D)$,"En-Ca,Fr-Ca,Iu",6251999,Us,
Cc,Cck,166,Ck,Cocos Islands,West Island,14.0,628,As,.Cc,Aud,Dollar,61,,,"Ms-Cc,En",1547376,,
Cd,Cod,180,Cg,Democratic Republic Of The Congo,Kinshasa,2345410.0,84068091,Af,.Cd,Cdf,Franc,243,,,"Fr-Cd,Ln,Ktu,Kg,Sw,Lua",203312,"Tz,Cf,Ss,Rw,Zm,Bi,Ug,Cg,Ao",
Cf,Caf,140,Ct,Central African Republic,Bangui,622984.0,4666377,Af,.Cf,Xaf,Franc,236,,,"Fr-Cf,Sg,Ln,Kg",239880,"Td,Sd,Cd,Ss,Cm,Cg",
Cg,Cog,178,Cf,Republic Of The Congo,Brazzaville,342000.0,5244363,Af,.Cg,Xaf,Franc,242,,,"Fr-Cg,Kg,Ln-Cg",2260494,"Cf,Ga,Cd,Cm,Ao",
Ch,Che,756,Sz,Switzerland,Bern,41290.0,8516543,Eu,.Ch,Chf,Franc,41,####,^(\D{4})$,"De-Ch,Fr-Ch,It-Ch,Rm",2658434,"De,It,Li,Fr,At",
Ci,Civ,384,Iv,Ivory Coast,Yamoussoukro,322460.0,25069229,Af,.Ci,Xof,Franc,225,,,Fr-Ci,2287781,"Lr,Gh,Gn,Bf,Ml",
Ck,Cok,184,Cw,Cook Islands,Avarua,240.0,21388,Oc,.Ck,Nzd,Dollar,682,,,"En-Ck,Mi",1899402,,
Cl,Chl,152,Ci,Chile,Santiago,756950.0,18729160,Sa,.Cl,Clp,Peso,56,#######,^(\D{7})$,Es-Cl,3895114,"Pe,Bo,Ar",
Cm,Cmr,120,Cm,Cameroon,Yaounde,475440.0,25216237,Af,.Cm,Xaf,Franc,237,,,"En-Cm,Fr-Cm",2233387,"Td,Cf,Ga,Gq,Cg,Ng",
Cn,Chn,156,Ch,China,Beijing,9596960.0,1392730000,As,.Cn,Cny,Yuan Renminbi,86,######,^(\D{6})$,"Zh-Cn,Yue,Wuu,Dta,Ug,Za",1814991,"La,Bt,Tj,Kz,Mn,Af,Np,Mm,Kg,Pk,Kp,Ru,Vn,In",
Co,Col,170,Co,Colombia,Bogota,1138910.0,49648685,Sa,.Co,Cop,Peso,57,######,^(\D{6})$,Es-Co,3686110,"Ec,Pe,Pa,Br,Ve",
Cr,Cri,188,Cs,Costa Rica,San Jose,51100.0,4999441,Na,.Cr,Crc,Colon,506,#####,^(\D{5})$,"Es-Cr,En",3624060,"Pa,Ni",
Cu,Cub,192,Cu,Cuba,Havana,110860.0,11338138,Na,.Cu,Cup,Peso,53,Cp #####,^(?:Cp)*(\D{5})$,"Es-Cu,Pap",3562981,Us,
Cv,Cpv,132,Cv,Cabo Verde,Praia,4033.0,543767,Af,.Cv,Cve,Escudo,238,####,^(\D{4})$,Pt-Cv,3374766,,
Cw,Cuw,531,Uc,Curacao,Willemstad,444.0,159849,Na,.Cw,Ang,Guilder,599,,,"Nl,Pap",7626836,,
Cx,Cxr,162,Kt,Christmas Island,Flying Fish Cove,135.0,1500,Oc,.Cx,Aud,Dollar,61,####,^(\D{4})$,"En,Zh,Ms-Cc",2078138,,
Cy,Cyp,196,Cy,Cyprus,Nicosia,9250.0,1189265,Eu,.Cy,Eur,Euro,357,####,^(\D{4})$,"El-Cy,Tr-Cy,En",146669,,
Cz,Cze,203,Ez,Czechia,Prague,78866.0,10625695,Eu,.Cz,Czk,Koruna,420,### ##,^\D{3}\S?\D{2}$,"Cs,Sk",3077311,"Pl,De,Sk,At",
De,Deu,276,Gm,Germany,Berlin,357021.0,82927922,Eu,.De,Eur,Euro,49,#####,^(\D{5})$,De,2921044,"Ch,Pl,Nl,Dk,Be,Cz,Lu,Fr,At",
Dj,Dji,262,Dj,Djibouti,Djibouti,23000.0,958920,Af,.Dj,Djf,Franc,253,,,"Fr-Dj,Ar,So-Dj,Aa",223816,"Er,Et,So",
Dk,Dnk,208,Da,Denmark,Copenhagen,43094.0,5797446,Eu,.Dk,Dkk,Krone,45,####,^(\D{4})$,"Da-Dk,En,Fo,De-Dk",2623032,De,
Dm,Dma,212,Do,Dominica,Roseau,754.0,71625,Na,.Dm,Xcd,Dollar,+1-767,,,En-Dm,3575830,,
Do,Dom,214,Dr,Dominican Republic,Santo Domingo,48730.0,10627165,Na,.Do,Dop,Peso,+1-809 And 1-829,#####,^(\D{5})$,Es-Do,3508796,Ht,
Dz,Dza,12,Ag,Algeria,Algiers,2381740.0,42228429,Af,.Dz,Dzd,Dinar,213,#####,^(\D{5})$,Ar-Dz,2589581,"Ne,Eh,Ly,Mr,Tn,Ma,Ml",
Ec,Ecu,218,Ec,Ecuador,Quito,283560.0,17084357,Sa,.Ec,Usd,Dollar,593,@####@,^([A-Za-Z]\D{4}[A-Za-Z])$,Es-Ec,3658394,"Pe,Co",
Ee,Est,233,En,Estonia,Tallinn,45226.0,1320884,Eu,.Ee,Eur,Euro,372,#####,^(\D{5})$,"Et,Ru",453733,"Ru,Lv",
Eg,Egy,818,Eg,Egypt,Cairo,1001450.0,98423595,Af,.Eg,Egp,Pound,20,#####,^(\D{5})$,"Ar-Eg,En,Fr",357994,"Ly,Sd,Il,Ps",
Eh,Esh,732,Wi,Western Sahara,El-Aaiun,266000.0,273008,Af,.Eh,Mad,Dirham,212,,,"Ar,Mey",2461445,"Dz,Mr,Ma",
Er,Eri,232,Er,Eritrea,Asmara,121320.0,0,Af,.Er,Ern,Nakfa,291,,,"Aa-Er,Ar,Tig,Kun,Ti-Er",338010,"Et,Sd,Dj",
Es,Esp,724,Sp,Spain,Madrid,504782.0,46723749,Eu,.Es,Eur,Euro,34,#####,^(\D{5})$,"Es-Es,Ca,Gl,Eu,Oc",2510769,"Ad,Pt,Gi,Fr,Ma",
Et,Eth,231,Et,Ethiopia,Addis Ababa,1127127.0,109224559,Af,.Et,Etb,Birr,251,####,^(\D{4})$,"Am,En-Et,Om-Et,Ti-Et,So-Et,Sid",337996,"Er,Ke,Sd,Ss,So,Dj",
Fi,Fin,246,Fi,Finland,Helsinki,337030.0,5518050,Eu,.Fi,Eur,Euro,358,#####,^(?:Fi)*(\D{5})$,"Fi-Fi,Sv-Fi,Smn",660013,"No,Ru,Se",
Fj,Fji,242,Fj,Fiji,Suva,18270.0,883483,Oc,.Fj,Fjd,Dollar,679,,,"En-Fj,Fj",2205218,,
Fk,Flk,238,Fk,Falkland Islands,Stanley,12173.0,2638,Sa,.Fk,Fkp,Pound,500,,,En-Fk,3474414,,
Fm,Fsm,583,Fm,Micronesia,Palikir,702.0,112640,Oc,.Fm,Usd,Dollar,691,#####,^(\D{5})$,"En-Fm,Chk,Pon,Yap,Kos,Uli,Woe,Nkr,Kpg",2081918,,
Fo,Fro,234,Fo,Faroe Islands,Torshavn,1399.0,48497,Eu,.Fo,Dkk,Krone,298,###,^(?:Fo)*(\D{3})$,"Fo,Da-Fo",2622320,,
Fr,Fra,250,Fr,France,Paris,547030.0,66987244,Eu,.Fr,Eur,Euro,33,#####,^(\D{5})$,"Fr-Fr,Frp,Br,Co,Ca,Eu,Oc",3017382,"Ch,De,Be,Lu,It,Ad,Mc,Es",
Ga,Gab,266,Gb,Gabon,Libreville,267667.0,2119275,Af,.Ga,Xaf,Franc,241,,,Fr-Ga,2400553,"Cm,Gq,Cg",
Gb,Gbr,826,Uk,United Kingdom,London,244820.0,66488991,Eu,.Uk,Gbp,Pound,44,@# #@@|@## #@@|@@# #@@|@@## #@@|@#@ #@@|@@#@ #@@|Gir0Aa,"^([Gg][Ii][Rr]\S?0[Aa]{2})|((([A-Za-Z][0-9]{1,2})|(([A-Za-Z][A-Ha-Hj-Yj-Y][0-9]{1,2})|(([A-Za-Z][0-9][A-Za-Z])|([A-Za-Z][A-Ha-Hj-Yj-Y][0-9]?[A-Za-Z]))))\S?[0-9][A-Za-Z]{2})$","En-Gb,Cy-Gb,Gd",2635167,Ie,
Gd,Grd,308,Gj,Grenada,St. George'S,344.0,111454,Na,.Gd,Xcd,Dollar,+1-473,,,En-Gd,3580239,,
Ge,Geo,268,Gg,Georgia,Tbilisi,69700.0,3731000,As,.Ge,Gel,Lari,995,####,^(\D{4})$,"Ka,Ru,Hy,Az",614540,"Am,Az,Tr,Ru",
Gf,Guf,254,Fg,French Guiana,Cayenne,91000.0,195506,Sa,.Gf,Eur,Euro,594,#####,^((97|98)3\D{2})$,Fr-Gf,3381670,"Sr,Br",
Gg,Ggy,831,Gk,Guernsey,St Peter Port,78.0,65228,Eu,.Gg,Gbp,Pound,+44-1481,@# #@@|@## #@@|@@# #@@|@@## #@@|@#@ #@@|@@#@ #@@|Gir0Aa,^((?:(?:[A-Pr-Uwyz][A-Hk-Y]\D[Abehmnprv-Y0-9]|[A-Pr-Uwyz]\D[A-Hjkps-Uw0-9])\S\D[Abd-Hjlnp-Uw-Z]{2})|Gir\S?0Aa)$,"En,Nrf",3042362,,
Gh,Gha,288,Gh,Ghana,Accra,239460.0,29767108,Af,.Gh,Ghs,Cedi,233,,,"En-Gh,Ak,Ee,Tw",2300660,"Ci,Tg,Bf",
Gi,Gib,292,Gi,Gibraltar,Gibraltar,6.5,33718,Eu,.Gi,Gip,Pound,350,,,"En-Gi,Es,It,Pt",2411586,Es,
Gl,Grl,304,Gl,Greenland,Nuuk,2166086.0,56025,Na,.Gl,Dkk,Krone,299,####,^(\D{4})$,"Kl,Da-Gl,En",3425505,,
Gm,Gmb,270,Ga,Gambia,Banjul,11300.0,2280102,Af,.Gm,Gmd,Dalasi,220,,,"En-Gm,Mnk,Wof,Wo,Ff",2413451,Sn,
Gn,Gin,324,Gv,Guinea,Conakry,245857.0,12414318,Af,.Gn,Gnf,Franc,224,,,Fr-Gn,2420477,"Lr,Sn,Sl,Ci,Gw,Ml",
Gp,Glp,312,Gp,Guadeloupe,Basse-Terre,1780.0,443000,Na,.Gp,Eur,Euro,590,#####,^((97|98)\D{3})$,Fr-Gp,3579143,,
Gq,Gnq,226,Ek,Equatorial Guinea,Malabo,28051.0,1308974,Af,.Gq,Xaf,Franc,240,,,"Es-Gq,Fr",2309096,"Ga,Cm",
Gr,Grc,300,Gr,Greece,Athens,131940.0,10727668,Eu,.Gr,Eur,Euro,30,### ##,^(\D{5})$,"El-Gr,En,Fr",390903,"Al,Mk,Tr,Bg",
Gs,Sgs,239,Sx,South Georgia And The South Sandwich Islands,Grytviken,3903.0,30,An,.Gs,Gbp,Pound,,,,En,3474415,,
Gt,Gtm,320,Gt,Guatemala,Guatemala City,108890.0,17247807,Na,.Gt,Gtq,Quetzal,502,#####,^(\D{5})$,Es-Gt,3595528,"Mx,Hn,Bz,Sv",
Gu,Gum,316,Gq,Guam,Hagatna,549.0,165768,Oc,.Gu,Usd,Dollar,+1-671,969##,^(969\D{2})$,"En-Gu,Ch-Gu",4043988,,
Gw,Gnb,624,Pu,Guinea-Bissau,Bissau,36120.0,1874309,Af,.Gw,Xof,Franc,245,####,^(\D{4})$,"Pt-Gw,Pov",2372248,"Sn,Gn",
Gy,Guy,328,Gy,Guyana,Georgetown,214970.0,779004,Sa,.Gy,Gyd,Dollar,592,,,En-Gy,3378535,"Sr,Br,Ve",
Hk,Hkg,344,Hk,Hong Kong,Hong Kong,1092.0,7451000,As,.Hk,Hkd,Dollar,852,,,"Zh-Hk,Yue,Zh,En",1819730,,
Hm,Hmd,334,Hm,Heard Island And Mcdonald Islands,,412.0,0,An,.Hm,Aud,Dollar,,,,,1547314,,
Hn,Hnd,340,Ho,Honduras,Tegucigalpa,112090.0,9587522,Na,.Hn,Hnl,Lempira,504,@@####,^([A-Z]{2}\D{4})$,"Es-Hn,Cab,Miq",3608932,"Gt,Ni,Sv",
Hr,Hrv,191,Hr,Croatia,Zagreb,56542.0,4089400,Eu,.Hr,Hrk,Kuna,385,#####,^(?:Hr)*(\D{5})$,"Hr-Hr,Sr",3202326,"Hu,Si,Ba,Me,Rs",
Ht,Hti,332,Ha,Haiti,Port-Au-Prince,27750.0,11123176,Na,.Ht,Htg,Gourde,509,Ht####,^(?:Ht)*(\D{4})$,"Ht,Fr-Ht",3723988,Do,
Hu,Hun,348,Hu,Hungary,Budapest,93030.0,9768785,Eu,.Hu,Huf,Forint,36,####,^(\D{4})$,Hu-Hu,719819,"Sk,Si,Ro,Ua,Hr,At,Rs",
Id,Idn,360,Id,Indonesia,Jakarta,1919440.0,267663435,As,.Id,Idr,Rupiah,62,#####,^(\D{5})$,"Id,En,Nl,Jv",1643084,"Pg,Tl,My",
Ie,Irl,372,Ei,Ireland,Dublin,70280.0,4853506,Eu,.Ie,Eur,Euro,353,@@@ @@@@,^(D6W|[Ac-Fhknprtv-Y][0-9]{2})\S?([Ac-Fhknprtv-Y0-9]{4}),"En-Ie,Ga-Ie",2963597,Gb,
Il,Isr,376,Is,Israel,Jerusalem,20770.0,8883800,As,.Il,Ils,Shekel,972,#######,^(\D{7}|\D{5})$,"He,Ar-Il,En-Il,",294640,"Sy,Jo,Lb,Eg,Ps",
Im,Imn,833,Im,Isle Of Man,Douglas,572.0,84077,Eu,.Im,Gbp,Pound,+44-1624,@# #@@|@## #@@|@@# #@@|@@## #@@|@#@ #@@|@@#@ #@@|Gir0Aa,^((?:(?:[A-Pr-Uwyz][A-Hk-Y]\D[Abehmnprv-Y0-9]|[A-Pr-Uwyz]\D[A-Hjkps-Uw0-9])\S\D[Abd-Hjlnp-Uw-Z]{2})|Gir\S?0Aa)$,"En,Gv",3042225,,
In,Ind,356,In,India,New Delhi,3287590.0,1352617328,As,.In,Inr,Rupee,91,######,^(\D{6})$,"En-In,Hi,Bn,Te,Mr,Ta,Ur,Gu,Kn,Ml,Or,Pa,As,Bh,Sat,Ks,Ne,Sd,Kok,Doi,Mni,Sit,Sa,Fr,Lus,Inc",1269750,"Cn,Np,Mm,Bt,Pk,Bd",
Io,Iot,86,Io,British Indian Ocean Territory,Diego Garcia,60.0,4000,As,.Io,Usd,Dollar,246,,,En-Io,1282588,,
Iq,Irq,368,Iz,Iraq,Baghdad,437072.0,38433600,As,.Iq,Iqd,Dinar,964,#####,^(\D{5})$,"Ar-Iq,Ku,Hy",99237,"Sy,Sa,Ir,Jo,Tr,Kw",
Ir,Irn,364,Ir,Iran,Tehran,1648000.0,81800269,As,.Ir,Irr,Rial,98,##########,^(\D{10})$,"Fa-Ir,Ku",130758,"Tm,Af,Iq,Am,Pk,Az,Tr",
Is,Isl,352,Ic,Iceland,Reykjavik,103000.0,353574,Eu,.Is,Isk,Krona,354,###,^(\D{3})$,"Is,En,De,Da,Sv,No",2629691,,
It,Ita,380,It,Italy,Rome,301230.0,60431283,Eu,.It,Eur,Euro,39,#####,^(\D{5})$,"It-It,De-It,Fr-It,Sc,Ca,Co,Sl",3175395,"Ch,Va,Si,Sm,Fr,At",
Je,Jey,832,Je,Jersey,Saint Helier,116.0,90812,Eu,.Je,Gbp,Pound,+44-1534,@# #@@|@## #@@|@@# #@@|@@## #@@|@#@ #@@|@@#@ #@@|Gir0Aa,^((?:(?:[A-Pr-Uwyz][A-Hk-Y]\D[Abehmnprv-Y0-9]|[A-Pr-Uwyz]\D[A-Hjkps-Uw0-9])\S\D[Abd-Hjlnp-Uw-Z]{2})|Gir\S?0Aa)$,"En,Fr,Nrf",3042142,,
Jm,Jam,388,Jm,Jamaica,Kingston,10991.0,2934855,Na,.Jm,Jmd,Dollar,+1-876,,,En-Jm,3489940,,
Jo,Jor,400,Jo,Jordan,Amman,92300.0,9956011,As,.Jo,Jod,Dinar,962,#####,^(\D{5})$,"Ar-Jo,En",248816,"Sy,Sa,Iq,Il,Ps",
Jp,Jpn,392,Ja,Japan,Tokyo,377835.0,126529100,As,.Jp,Jpy,Yen,81,###-####,^\D{3}-\D{4}$,Ja,1861060,,
Ke,Ken,404,Ke,Kenya,Nairobi,582650.0,51393010,Af,.Ke,Kes,Shilling,254,#####,^(\D{5})$,"En-Ke,Sw-Ke",192950,"Et,Tz,Ss,So,Ug",
Kg,Kgz,417,Kg,Kyrgyzstan,Bishkek,198500.0,6315800,As,.Kg,Kgs,Som,996,######,^(\D{6})$,"Ky,Uz,Ru",1527747,"Cn,Tj,Uz,Kz",
Kh,Khm,116,Cb,Cambodia,Phnom Penh,181040.0,16249798,As,.Kh,Khr,Riels,855,#####,^(\D{5})$,"Km,Fr,En",1831722,"La,Th,Vn",
Ki,Kir,296,Kr,Kiribati,Tarawa,811.0,115847,Oc,.Ki,Aud,Dollar,686,,,"En-Ki,Gil",4030945,,
Km,Com,174,Cn,Comoros,Moroni,2170.0,832322,Af,.Km,Kmf,Franc,269,,,"Ar,Fr-Km",921929,,
Kn,Kna,659,Sc,Saint Kitts And Nevis,Basseterre,261.0,52441,Na,.Kn,Xcd,Dollar,+1-869,,,En-Kn,3575174,,
Kp,Prk,408,Kn,North Korea,Pyongyang,120540.0,25549819,As,.Kp,Kpw,Won,850,###-###,^(\D{6})$,Ko-Kp,1873107,"Cn,Kr,Ru",
Kr,Kor,410,Ks,South Korea,Seoul,98480.0,51635256,As,.Kr,Krw,Won,82,#####,^(\D{5})$,"Ko-Kr,En",1835841,Kp,
Xk,Xkx,0,Kv,Kosovo,Pristina,10908.0,1845300,Eu,,Eur,Euro,,,,"Sq,Sr",831053,"Rs,Al,Mk,Me",
Kw,Kwt,414,Ku,Kuwait,Kuwait City,17820.0,4137309,As,.Kw,Kwd,Dinar,965,#####,^(\D{5})$,"Ar-Kw,En",285570,"Sa,Iq",
Ky,Cym,136,Cj,Cayman Islands,George Town,262.0,64174,Na,.Ky,Kyd,Dollar,+1-345,,,En-Ky,3580718,,
Kz,Kaz,398,Kz,Kazakhstan,Nur-Sultan,2717300.0,18276499,As,.Kz,Kzt,Tenge,7,######,^(\D{6})$,"Kk,Ru",1522867,"Tm,Cn,Kg,Uz,Ru",
La,Lao,418,La,Laos,Vientiane,236800.0,7061507,As,.La,Lak,Kip,856,#####,^(\D{5})$,"Lo,Fr,En",1655842,"Cn,Mm,Kh,Th,Vn",
Lb,Lbn,422,Le,Lebanon,Beirut,10400.0,6848925,As,.Lb,Lbp,Pound,961,#### ####|####,^(\D{4}(\D{4})?)$,"Ar-Lb,Fr-Lb,En,Hy",272103,"Sy,Il",
Lc,Lca,662,St,Saint Lucia,Castries,616.0,181889,Na,.Lc,Xcd,Dollar,+1-758,,,En-Lc,3576468,,
Li,Lie,438,Ls,Liechtenstein,Vaduz,160.0,37910,Eu,.Li,Chf,Franc,423,####,^(\D{4})$,De-Li,3042058,"Ch,At",
Lk,Lka,144,Ce,Sri Lanka,Colombo,65610.0,21670000,As,.Lk,Lkr,Rupee,94,#####,^(\D{5})$,"Si,Ta,En",1227603,,
Lr,Lbr,430,Li,Liberia,Monrovia,111370.0,4818977,Af,.Lr,Lrd,Dollar,231,####,^(\D{4})$,En-Lr,2275384,"Sl,Ci,Gn",
Ls,Lso,426,Lt,Lesotho,Maseru,30355.0,2108132,Af,.Ls,Lsl,Loti,266,###,^(\D{3})$,"En-Ls,St,Zu,Xh",932692,Za,
Lt,Ltu,440,Lh,Lithuania,Vilnius,65200.0,2789533,Eu,.Lt,Eur,Euro,370,Lt-#####,^(?:Lt)*(\D{5})$,"Lt,Ru,Pl",597427,"Pl,By,Ru,Lv",
Lu,Lux,442,Lu,Luxembourg,Luxembourg,2586.0,607728,Eu,.Lu,Eur,Euro,352,L-####,^(?:L-)?\D{4}$,"Lb,De-Lu,Fr-Lu",2960313,"De,Be,Fr",
Lv,Lva,428,Lg,Latvia,Riga,64589.0,1926542,Eu,.Lv,Eur,Euro,371,Lv-####,^(?:Lv)*(\D{4})$,"Lv,Ru,Lt",458258,"Lt,Ee,By,Ru",
Ly,Lby,434,Ly,Libya,Tripoli,1759540.0,6678567,Af,.Ly,Lyd,Dinar,218,,,"Ar-Ly,It,En",2215636,"Td,Ne,Dz,Sd,Tn,Eg",
Ma,Mar,504,Mo,Morocco,Rabat,446550.0,36029138,Af,.Ma,Mad,Dirham,212,#####,^(\D{5})$,"Ar-Ma,Ber,Fr",2542007,"Dz,Eh,Es",
Mc,Mco,492,Mn,Monaco,Monaco,1.95,38682,Eu,.Mc,Eur,Euro,377,#####,^(\D{5})$,"Fr-Mc,En,It",2993457,Fr,
Md,Mda,498,Md,Moldova,Chisinau,33843.0,3545883,Eu,.Md,Mdl,Leu,373,Md-####,^Md-\D{4}$,"Ro,Ru,Gag,Tr",617790,"Ro,Ua",
Me,Mne,499,Mj,Montenegro,Podgorica,14026.0,622345,Eu,.Me,Eur,Euro,382,#####,^(\D{5})$,"Sr,Hu,Bs,Sq,Hr,Rom",3194884,"Al,Hr,Ba,Rs,Xk",
Mf,Maf,663,Rn,Saint Martin,Marigot,53.0,37264,Na,.Gp,Eur,Euro,590,#####,^(\D{5})$,Fr,3578421,Sx,
Mg,Mdg,450,Ma,Madagascar,Antananarivo,587040.0,26262368,Af,.Mg,Mga,Ariary,261,###,^(\D{3})$,"Fr-Mg,Mg",1062947,,
Mh,Mhl,584,Rm,Marshall Islands,Majuro,181.3,58413,Oc,.Mh,Usd,Dollar,692,#####-####,^969\D{2}(-\D{4})$,"Mh,En-Mh",2080185,,
Mk,Mkd,807,Mk,North Macedonia,Skopje,25333.0,2082958,Eu,.Mk,Mkd,Denar,389,####,^(\D{4})$,"Mk,Sq,Tr,Rmm,Sr",718075,"Al,Gr,Bg,Rs,Xk",
Ml,Mli,466,Ml,Mali,Bamako,1240000.0,19077690,Af,.Ml,Xof,Franc,223,,,"Fr-Ml,Bm",2453866,"Sn,Ne,Dz,Ci,Gn,Mr,Bf",
Mm,Mmr,104,Bm,Myanmar,Nay Pyi Taw,678500.0,53708395,As,.Mm,Mmk,Kyat,95,#####,^(\D{5})$,My,1327865,"Cn,La,Th,Bd,In",
Mn,Mng,496,Mg,Mongolia,Ulaanbaatar,1565000.0,3170208,As,.Mn,Mnt,Tugrik,976,######,^(\D{6})$,"Mn,Ru",2029969,"Cn,Ru",
Mo,Mac,446,Mc,Macao,Macao,254.0,631636,As,.Mo,Mop,Pataca,853,,,"Zh,Zh-Mo,Pt",1821275,,
Mp,Mnp,580,Cq,Northern Mariana Islands,Saipan,477.0,56882,Oc,.Mp,Usd,Dollar,+1-670,#####,^9695\D{1}$,"Fil,Tl,Zh,Ch-Mp,En-Mp",4041468,,
Mq,Mtq,474,Mb,Martinique,Fort-De-France,1100.0,432900,Na,.Mq,Eur,Euro,596,#####,^(\D{5})$,Fr-Mq,3570311,,
Mr,Mrt,478,Mr,Mauritania,Nouakchott,1030700.0,4403319,Af,.Mr,Mru,Ouguiya,222,,,"Ar-Mr,Fuc,Snk,Fr,Mey,Wo",2378080,"Sn,Dz,Eh,Ml",
Ms,Msr,500,Mh,Montserrat,Plymouth,102.0,9341,Na,.Ms,Xcd,Dollar,+1-664,,,En-Ms,3578097,,
Mt,Mlt,470,Mt,Malta,Valletta,316.0,483530,Eu,.Mt,Eur,Euro,356,@@@ ####,^[A-Z]{3}\S?\D{4}$,"Mt,En-Mt",2562770,,
Mu,Mus,480,Mp,Mauritius,Port Louis,2040.0,1265303,Af,.Mu,Mur,Rupee,230,,,"En-Mu,Bho,Fr",934292,,
Mv,Mdv,462,Mv,Maldives,Male,300.0,515696,As,.Mv,Mvr,Rufiyaa,960,#####,^(\D{5})$,"Dv,En",1282028,,
Mw,Mwi,454,Mi,Malawi,Lilongwe,118480.0,17563749,Af,.Mw,Mwk,Kwacha,265,######,^(\D{6})$,"Ny,Yao,Tum,Swk",927384,"Tz,Mz,Zm",
Mx,Mex,484,Mx,Mexico,Mexico City,1972550.0,126190788,Na,.Mx,Mxn,Peso,52,#####,^(\D{5})$,Es-Mx,3996063,"Gt,Us,Bz",
My,Mys,458,My,Malaysia,Kuala Lumpur,329750.0,31528585,As,.My,Myr,Ringgit,60,#####,^(\D{5})$,"Ms-My,En,Zh,Ta,Te,Ml,Pa,Th",1733045,"Bn,Th,Id",
Mz,Moz,508,Mz,Mozambique,Maputo,801590.0,29495962,Af,.Mz,Mzn,Metical,258,####,^(\D{4})$,"Pt-Mz,Vmw",1036973,"Zw,Tz,Sz,Za,Zm,Mw",
Na,Nam,516,Wa,Namibia,Windhoek,825418.0,2448255,Af,.Na,Nad,Dollar,264,,,"En-Na,Af,De,Hz,Naq",3355338,"Za,Bw,Zm,Ao",
Nc,Ncl,540,Nc,New Caledonia,Noumea,19060.0,284060,Oc,.Nc,Xpf,Franc,687,#####,^(\D{5})$,Fr-Nc,2139685,,
Ne,Ner,562,Ng,Niger,Niamey,1267000.0,22442948,Af,.Ne,Xof,Franc,227,####,^(\D{4})$,"Fr-Ne,Ha,Kr,Dje",2440476,"Td,Bj,Dz,Ly,Bf,Ng,Ml",
Nf,Nfk,574,Nf,Norfolk Island,Kingston,34.6,1828,Oc,.Nf,Aud,Dollar,672,####,^(\D{4})$,En-Nf,2155115,,
Ng,Nga,566,Ni,Nigeria,Abuja,923768.0,195874740,Af,.Ng,Ngn,Naira,234,######,^(\D{6})$,"En-Ng,Ha,Yo,Ig,Ff",2328926,"Td,Ne,Bj,Cm",
Ni,Nic,558,Nu,Nicaragua,Managua,129494.0,6465513,Na,.Ni,Nio,Cordoba,505,###-###-#,^(\D{7})$,"Es-Ni,En",3617476,"Cr,Hn",
Nl,Nld,528,Nl,Netherlands,Amsterdam,41526.0,17231017,Eu,.Nl,Eur,Euro,31,#### @@,^(\D{4}\S?[A-Za-Z]{2})$,"Nl-Nl,Fy-Nl",2750405,"De,Be",
No,Nor,578,No,Norway,Oslo,324220.0,5314336,Eu,.No,Nok,Krone,47,####,^(\D{4})$,"No,Nb,Nn,Se,Fi",3144096,"Fi,Ru,Se",
Np,Npl,524,Np,Nepal,Kathmandu,140800.0,28087871,As,.Np,Npr,Rupee,977,#####,^(\D{5})$,"Ne,En",1282988,"Cn,In",
Nr,Nru,520,Nr,Nauru,Yaren,21.0,12704,Oc,.Nr,Aud,Dollar,674,,,"Na,En-Nr",2110425,,
Nu,Niu,570,Ne,Niue,Alofi,260.0,2166,Oc,.Nu,Nzd,Dollar,683,,,"Niu,En-Nu",4036232,,
Nz,Nzl,554,Nz,New Zealand,Wellington,268680.0,4885500,Oc,.Nz,Nzd,Dollar,64,####,^(\D{4})$,"En-Nz,Mi",2186224,,
Om,Omn,512,Mu,Oman,Muscat,212460.0,4829483,As,.Om,Omr,Rial,968,###,^(\D{3})$,"Ar-Om,En,Bal,Ur",286963,"Sa,Ye,Ae",
Pa,Pan,591,Pm,Panama,Panama City,78200.0,4176873,Na,.Pa,Pab,Balboa,507,,,"Es-Pa,En",3703430,"Cr,Co",
Pe,Per,604,Pe,Peru,Lima,1285220.0,31989256,Sa,.Pe,Pen,Sol,51,,,"Es-Pe,Qu,Ay",3932488,"Ec,Cl,Bo,Br,Co",
Pf,Pyf,258,Fp,French Polynesia,Papeete,4167.0,277679,Oc,.Pf,Xpf,Franc,689,#####,^((97|98)7\D{2})$,"Fr-Pf,Ty",4030656,,
Pg,Png,598,Pp,Papua New Guinea,Port Moresby,462840.0,8606316,Oc,.Pg,Pgk,Kina,675,###,^(\D{3})$,"En-Pg,Ho,Meu,Tpi",2088628,Id,
Ph,Phl,608,Rp,Philippines,Manila,300000.0,106651922,As,.Ph,Php,Peso,63,####,^(\D{4})$,"Tl,En-Ph,Fil,Ceb,Tgl,Ilo,Hil,War,Pam,Bik,Bcl,Pag,Mrw,Tsg,Mdh,Cbk,Krj,Sgd,Msb,Akl,Ibg,Yka,Mta,Abx",1694008,,
Pk,Pak,586,Pk,Pakistan,Islamabad,803940.0,212215030,As,.Pk,Pkr,Rupee,92,#####,^(\D{5})$,"Ur-Pk,En-Pk,Pa,Sd,Ps,Brh",1168579,"Cn,Af,Ir,In",
Pl,Pol,616,Pl,Poland,Warsaw,312685.0,37978548,Eu,.Pl,Pln,Zloty,48,##-###,^\D{2}-\D{3}$,Pl,798544,"De,Lt,Sk,Cz,By,Ua,Ru",
Pm,Spm,666,Sb,Saint Pierre And Miquelon,Saint-Pierre,242.0,7012,Na,.Pm,Eur,Euro,508,#####,^(97500)$,Fr-Pm,3424932,,
Pn,Pcn,612,Pc,Pitcairn,Adamstown,47.0,46,Oc,.Pn,Nzd,Dollar,870,,,En-Pn,4030699,,
Pr,Pri,630,Rq,Puerto Rico,San Juan,9104.0,3195153,Na,.Pr,Usd,Dollar,+1-787 And 1-939,#####-####,^00[679]\D{2}(?:-\D{4})?$,"En-Pr,Es-Pr",4566966,,
Ps,Pse,275,We,Palestinian Territory,East Jerusalem,5970.0,4569087,As,.Ps,Ils,Shekel,970,,,Ar-Ps,6254930,"Jo,Il,Eg",
Pt,Prt,620,Po,Portugal,Lisbon,92391.0,10281762,Eu,.Pt,Eur,Euro,351,####-###,"^\D{4}-\D{3}\S?[A-Za-Z]{0,25}$","Pt-Pt,Mwl",2264397,Es,
Pw,Plw,585,Ps,Palau,Melekeok,458.0,17907,Oc,.Pw,Usd,Dollar,680,96940,^(96940)$,"Pau,Sov,En-Pw,Tox,Ja,Fil,Zh",1559582,,
Py,Pry,600,Pa,Paraguay,Asuncion,406750.0,6956071,Sa,.Py,Pyg,Guarani,595,####,^(\D{4})$,"Es-Py,Gn",3437598,"Bo,Br,Ar",
Qa,Qat,634,Qa,Qatar,Doha,11437.0,2781677,As,.Qa,Qar,Rial,974,,,"Ar-Qa,Es",289688,Sa,
Re,Reu,638,Re,Reunion,Saint-Denis,2517.0,776948,Af,.Re,Eur,Euro,262,#####,^((97|98)(4|7|8)\D{2})$,Fr-Re,935317,,
Ro,Rou,642,Ro,Romania,Bucharest,237500.0,19473936,Eu,.Ro,Ron,Leu,40,######,^(\D{6})$,"Ro,Hu,Rom",798549,"Md,Hu,Ua,Bg,Rs",
Rs,Srb,688,Ri,Serbia,Belgrade,88361.0,6982084,Eu,.Rs,Rsd,Dinar,381,######,^(\D{6})$,"Sr,Hu,Bs,Rom",6290252,"Al,Hu,Mk,Ro,Hr,Ba,Bg,Me,Xk",
Ru,Rus,643,Rs,Russia,Moscow,17100000.0,144478050,Eu,.Ru,Rub,Ruble,7,######,^(\D{6})$,"Ru,Tt,Xal,Cau,Ady,Kv,Ce,Tyv,Cv,Udm,Tut,Mns,Bua,Myv,Mdf,Chm,Ba,Inh,Tut,Kbd,Krc,Av,Sah,Nog",2017370,"Ge,Cn,By,Ua,Kz,Lv,Pl,Ee,Lt,Fi,Mn,No,Az,Kp",
Rw,Rwa,646,Rw,Rwanda,Kigali,26338.0,12301939,Af,.Rw,Rwf,Franc,250,,,"Rw,En-Rw,Fr-Rw,Sw",49518,"Tz,Cd,Bi,Ug",
Sa,Sau,682,Sa,Saudi Arabia,Riyadh,1960582.0,33699947,As,.Sa,Sar,Rial,966,#####,^(\D{5})$,Ar-Sa,102358,"Qa,Om,Iq,Ye,Jo,Ae,Kw",
Sb,Slb,90,Bp,Solomon Islands,Honiara,28450.0,652858,Oc,.Sb,Sbd,Dollar,677,,,"En-Sb,Tpi",2103350,,
Sc,Syc,690,Se,Seychelles,Victoria,455.0,96762,Af,.Sc,Scr,Rupee,248,,,"En-Sc,Fr-Sc",241170,,
Sd,Sdn,729,Su,Sudan,Khartoum,1861484.0,41801533,Af,.Sd,Sdg,Pound,249,#####,^(\D{5})$,"Ar-Sd,En,Fia",366755,"Ss,Td,Eg,Et,Er,Ly,Cf",
Ss,Ssd,728,Od,South Sudan,Juba,644329.0,8260490,Af,,Ssp,Pound,211,,,En,7909807,"Cd,Cf,Et,Ke,Sd,Ug",
Se,Swe,752,Sw,Sweden,Stockholm,449964.0,10183175,Eu,.Se,Sek,Krona,46,### ##,^(?:Se)?\D{3}\S\D{2}$,"Sv-Se,Se,Sma,Fi-Se",2661886,"No,Fi",
Sg,Sgp,702,Sn,Singapore,Singapore,692.7,5638676,As,.Sg,Sgd,Dollar,65,######,^(\D{6})$,"Cmn,En-Sg,Ms-Sg,Ta-Sg,Zh-Sg",1880251,,
Sh,Shn,654,Sh,Saint Helena,Jamestown,410.0,7460,Af,.Sh,Shp,Pound,290,Sthl 1Zz,^(Sthl1Zz)$,En-Sh,3370751,,
Si,Svn,705,Si,Slovenia,Ljubljana,20273.0,2067372,Eu,.Si,Eur,Euro,386,####,^(?:Si)*(\D{4})$,"Sl,Sh",3190538,"Hu,It,Hr,At",
Sj,Sjm,744,Sv,Svalbard And Jan Mayen,Longyearbyen,62049.0,2550,Eu,.Sj,Nok,Krone,47,####,^(\D{4})$,"No,Ru",607072,,
Sk,Svk,703,Lo,Slovakia,Bratislava,48845.0,5447011,Eu,.Sk,Eur,Euro,421,### ##,^\D{3}\S?\D{2}$,"Sk,Hu",3057568,"Pl,Hu,Cz,Ua,At",
Sl,Sle,694,Sl,Sierra Leone,Freetown,71740.0,7650154,Af,.Sl,Sll,Leone,232,,,"En-Sl,Men,Tem",2403846,"Lr,Gn",
Sm,Smr,674,Sm,San Marino,San Marino,61.2,33785,Eu,.Sm,Eur,Euro,378,4789#,^(4789\D)$,It-Sm,3168068,It,
Sn,Sen,686,Sg,Senegal,Dakar,196190.0,15854360,Af,.Sn,Xof,Franc,221,#####,^(\D{5})$,"Fr-Sn,Wo,Fuc,Mnk",2245662,"Gn,Mr,Gw,Gm,Ml",
So,Som,706,So,Somalia,Mogadishu,637657.0,15008154,Af,.So,Sos,Shilling,252,@@  #####,^([A-Z]{2}\D{5})$,"So-So,Ar-So,It,En-So",51537,"Et,Ke,Dj",
Sr,Sur,740,Ns,Suriname,Paramaribo,163270.0,575991,Sa,.Sr,Srd,Dollar,597,,,"Nl-Sr,En,Srn,Hns,Jv",3382998,"Gy,Br,Gf",
St,Stp,678,Tp,Sao Tome And Principe,Sao Tome,1001.0,197700,Af,.St,Std,Dobra,239,,,Pt-St,2410758,,
Sv,Slv,222,Es,El Salvador,San Salvador,21040.0,6420744,Na,.Sv,Usd,Dollar,503,Cp ####,^(?:Cp)*(\D{4})$,Es-Sv,3585968,"Gt,Hn",
Sx,Sxm,534,Nn,Sint Maarten,Philipsburg,21.0,40654,Na,.Sx,Ang,Guilder,599,,,"Nl,En",7609695,Mf,
Sy,Syr,760,Sy,Syria,Damascus,185180.0,16906283,As,.Sy,Syp,Pound,963,,,"Ar-Sy,Ku,Hy,Arc,Fr,En",163843,"Iq,Jo,Il,Tr,Lb",
Sz,Swz,748,Wz,Eswatini,Mbabane,17363.0,1136191,Af,.Sz,Szl,Lilangeni,268,@###,^([A-Z]\D{3})$,"En-Sz,Ss-Sz",934841,"Za,Mz",
Tc,Tca,796,Tk,Turks And Caicos Islands,Cockburn Town,430.0,37665,Na,.Tc,Usd,Dollar,+1-649,Tkca 1Zz,^(Tkca 1Zz)$,En-Tc,3576916,,
Td,Tcd,148,Cd,Chad,N'Djamena,1284000.0,15477751,Af,.Td,Xaf,Franc,235,,,"Fr-Td,Ar-Td,Sre",2434508,"Ne,Ly,Cf,Sd,Cm,Ng",
Tf,Atf,260,Fs,French Southern Territories,Port-Aux-Francais,7829.0,140,An,.Tf,Eur,Euro,,,,Fr,1546748,,
Tg,Tgo,768,To,Togo,Lome,56785.0,7889094,Af,.Tg,Xof,Franc,228,,,"Fr-Tg,Ee,Hna,Kbp,Dag,Ha",2363686,"Bj,Gh,Bf",
Th,Tha,764,Th,Thailand,Bangkok,514000.0,69428524,As,.Th,Thb,Baht,66,#####,^(\D{5})$,"Th,En",1605651,"La,Mm,Kh,My",
Tj,Tjk,762,Ti,Tajikistan,Dushanbe,143100.0,9100837,As,.Tj,Tjs,Somoni,992,######,^(\D{6})$,"Tg,Ru",1220409,"Cn,Af,Kg,Uz",
Tk,Tkl,772,Tl,Tokelau,,10.0,1466,Oc,.Tk,Nzd,Dollar,690,,,"Tkl,En-Tk",4031074,,
Tl,Tls,626,Tt,Timor Leste,Dili,15007.0,1267972,Oc,.Tl,Usd,Dollar,670,,,"Tet,Pt-Tl,Id,En",1966436,Id,
Tm,Tkm,795,Tx,Turkmenistan,Ashgabat,488100.0,5850908,As,.Tm,Tmt,Manat,993,######,^(\D{6})$,"Tk,Ru,Uz",1218197,"Af,Ir,Uz,Kz",
Tn,Tun,788,Ts,Tunisia,Tunis,163610.0,11565204,Af,.Tn,Tnd,Dinar,216,####,^(\D{4})$,"Ar-Tn,Fr",2464461,"Dz,Ly",
To,Ton,776,Tn,Tonga,Nuku'Alofa,748.0,103197,Oc,.To,Top,Pa'Anga,676,,,"To,En-To",4032283,,
Tr,Tur,792,Tu,Turkey,Ankara,780580.0,82319724,As,.Tr,Try,Lira,90,#####,^(\D{5})$,"Tr-Tr,Ku,Diq,Az,Av",298795,"Sy,Ge,Iq,Ir,Gr,Am,Az,Bg",
Tt,Tto,780,Td,Trinidad And Tobago,Port Of Spain,5128.0,1389858,Na,.Tt,Ttd,Dollar,+1-868,,,"En-Tt,Hns,Fr,Es,Zh",3573591,,
Tv,Tuv,798,Tv,Tuvalu,Funafuti,26.0,11508,Oc,.Tv,Aud,Dollar,688,,,"Tvl,En,Sm,Gil",2110297,,
Tw,Twn,158,Tw,Taiwan,Taipei,35980.0,22894384,As,.Tw,Twd,Dollar,886,#####,^(\D{5})$,"Zh-Tw,Zh,Nan,Hak",1668284,,
Tz,Tza,834,Tz,Tanzania,Dodoma,945087.0,56318348,Af,.Tz,Tzs,Shilling,255,,,"Sw-Tz,En,Ar",149590,"Mz,Ke,Cd,Rw,Zm,Bi,Ug,Mw",
Ua,Ukr,804,Up,Ukraine,Kyiv,603700.0,44622516,Eu,.Ua,Uah,Hryvnia,380,#####,^(\D{5})$,"Uk,Ru-Ua,Rom,Pl,Hu",690791,"Pl,Md,Hu,Sk,By,Ro,Ru",
Ug,Uga,800,Ug,Uganda,Kampala,236040.0,42723139,Af,.Ug,Ugx,Shilling,256,,,"En-Ug,Lg,Sw,Ar",226074,"Tz,Ke,Ss,Cd,Rw",
Um,Umi,581,,United States Minor Outlying Islands,,0.0,0,Oc,.Um,Usd,Dollar,1,,,En-Um,5854968,,
Us,Usa,840,Us,United States,Washington,9629091.0,327167434,Na,.Us,Usd,Dollar,1,#####-####,^\D{5}(-\D{4})?$,"En-Us,Es-Us,Haw,Fr",6252001,"Ca,Mx,Cu",
Uy,Ury,858,Uy,Uruguay,Montevideo,176220.0,3449299,Sa,.Uy,Uyu,Peso,598,#####,^(\D{5})$,Es-Uy,3439705,"Br,Ar",
Uz,Uzb,860,Uz,Uzbekistan,Tashkent,447400.0,32955400,As,.Uz,Uzs,Som,998,######,^(\D{6})$,"Uz,Ru,Tg",1512440,"Tm,Af,Kg,Tj,Kz",
Va,Vat,336,Vt,Vatican,Vatican City,0.44,921,Eu,.Va,Eur,Euro,379,#####,^(\D{5})$,"La,It,Fr",3164670,It,
Vc,Vct,670,Vc,Saint Vincent And The Grenadines,Kingstown,389.0,110211,Na,.Vc,Xcd,Dollar,+1-784,,,"En-Vc,Fr",3577815,,
Ve,Ven,862,Ve,Venezuela,Caracas,912050.0,28870195,Sa,.Ve,Ves,Bolivar Soberano,58,####,^(\D{4})$,Es-Ve,3625428,"Gy,Br,Co",
Vg,Vgb,92,Vi,British Virgin Islands,Road Town,153.0,29802,Na,.Vg,Usd,Dollar,+1-284,,,En-Vg,3577718,,
Vi,Vir,850,Vq,U.S. Virgin Islands,Charlotte Amalie,352.0,106977,Na,.Vi,Usd,Dollar,+1-340,#####-####,^008\D{2}(?:-\D{4})?$,En-Vi,4796775,,
Vn,Vnm,704,Vm,Vietnam,Hanoi,329560.0,95540395,As,.Vn,Vnd,Dong,84,######,^(\D{6})$,"Vi,En,Fr,Zh,Km",1562822,"Cn,La,Kh",
Vu,Vut,548,Nh,Vanuatu,Port Vila,12200.0,292680,Oc,.Vu,Vuv,Vatu,678,,,"Bi,En-Vu,Fr-Vu",2134431,,
Wf,Wlf,876,Wf,Wallis And Futuna,Mata Utu,274.0,16025,Oc,.Wf,Xpf,Franc,681,#####,^(986\D{2})$,"Wls,Fud,Fr-Wf",4034749,,
Ws,Wsm,882,Ws,Samoa,Apia,2944.0,196130,Oc,.Ws,Wst,Tala,685,,,"Sm,En-Ws",4034894,,
Ye,Yem,887,Ym,Yemen,Sanaa,527970.0,28498687,As,.Ye,Yer,Rial,967,,,Ar-Ye,69543,"Sa,Om",
Yt,Myt,175,Mf,Mayotte,Mamoudzou,374.0,159042,Af,.Yt,Eur,Euro,262,#####,^(\D{5})$,Fr-Yt,1024031,,
Za,Zaf,710,Sf,South Africa,Pretoria,1219912.0,57779622,Af,.Za,Zar,Rand,27,####,^(\D{4})$,"Zu,Xh,Af,Nso,En-Za,Tn,St,Ts,Ss,Ve,Nr",953987,"Zw,Sz,Mz,Bw,Na,Ls",
Zm,Zmb,894,Za,Zambia,Lusaka,752614.0,17351822,Af,.Zm,Zmw,Kwacha,260,#####,^(\D{5})$,"En-Zm,Bem,Loz,Lun,Lue,Ny,Toi",895949,"Zw,Tz,Mz,Cd,Na,Mw,Ao",
Zw,Zwe,716,Zi,Zimbabwe,Harare,390580.0,14439018,Af,.Zw,Zwl,Dollar,263,,,"En-Zw,Sn,Nr,Nd",878675,"Za,Mz,Bw,Zm",
Cs,Scg,891,Yi,Serbia And Montenegro,Belgrade,102350.0,10829175,Eu,.Cs,Rsd,Dinar,381,#####,^(\D{5})$,"Cu,Hu,Sq,Sr",8505033,"Al,Hu,Mk,Ro,Hr,Ba,Bg",
An,Ant,530,Nt,Netherlands Antilles,Willemstad,960.0,300000,Na,.An,Ang,Guilder,599,,,"Nl-An,En,Es",8505032,Gp,
