{
	"532ebf2d-ffc6-49b4-9ec2-d332ee7b80a4": {
		"task": "dataImport",
		"label": "load_data",
		"description": "",
		"createTime": "202004060158",
		"updateTime": "202004060158",
		"state": {
			"producers": [
				{
					"type": "streamTransferProducer",
					"location": {
						"file": "C:\\Users\\scook\\Google Drive\\active\\m5362_20sp_data_warehousing\\PD4SDG\\PD4SDG_new\\data sources\\city.csv"
					}
				},
				{
					"type": "streamTransferProducer",
					"location": {
						"file": "C:\\Users\\scook\\Google Drive\\active\\m5362_20sp_data_warehousing\\PD4SDG\\PD4SDG_new\\data sources\\country_data.csv"
					}
				},
				{
					"type": "streamTransferProducer",
					"location": {
						"file": "C:\\Users\\scook\\Google Drive\\active\\m5362_20sp_data_warehousing\\PD4SDG\\PD4SDG_new\\data sources\\country_name_fix.csv"
					}
				},
				{
					"type": "streamTransferProducer",
					"location": {
						"file": "C:\\Users\\scook\\Google Drive\\active\\m5362_20sp_data_warehousing\\PD4SDG\\PD4SDG_new\\data sources\\entity_name_fix.csv"
					}
				},
				{
					"type": "streamTransferProducer",
					"location": {
						"file": "C:\\Users\\scook\\Google Drive\\active\\m5362_20sp_data_warehousing\\PD4SDG\\PD4SDG_new\\data sources\\entity.csv"
					}
				},
				{
					"type": "streamTransferProducer",
					"location": {
						"file": "C:\\Users\\scook\\Google Drive\\active\\m5362_20sp_data_warehousing\\PD4SDG\\PD4SDG_new\\data sources\\project_entity.csv"
					}
				},
				{
					"type": "streamTransferProducer",
					"location": {
						"file": "C:\\Users\\scook\\Google Drive\\active\\m5362_20sp_data_warehousing\\PD4SDG\\PD4SDG_new\\data sources\\project.csv"
					}
				}
			],
			"consumers": [
				{
					"type": "databaseTransferConsumer",
					"location": {
						"type": "mappings",
						"project": "PD4SDG",
						"dataSource": "postgres-jdbc-17121782691-6ec70b55c5f4a2f3",
						"entityId": "postgres-jdbc-17121782691-6ec70b55c5f4a2f3/PD4SDG/public/city_raw"
					}
				},
				{
					"type": "databaseTransferConsumer",
					"location": {
						"type": "mappings",
						"project": "PD4SDG",
						"dataSource": "postgres-jdbc-17121782691-6ec70b55c5f4a2f3",
						"entityId": "postgres-jdbc-17121782691-6ec70b55c5f4a2f3/PD4SDG/public/country_data_raw"
					}
				},
				{
					"type": "databaseTransferConsumer",
					"location": {
						"type": "mappings",
						"project": "PD4SDG",
						"dataSource": "postgres-jdbc-17121782691-6ec70b55c5f4a2f3",
						"entityId": "postgres-jdbc-17121782691-6ec70b55c5f4a2f3/PD4SDG/public/country_name_fix_raw"
					}
				},
				{
					"type": "databaseTransferConsumer",
					"location": {
						"type": "mappings",
						"project": "PD4SDG",
						"dataSource": "postgres-jdbc-17121782691-6ec70b55c5f4a2f3",
						"entityId": "postgres-jdbc-17121782691-6ec70b55c5f4a2f3/PD4SDG/public/entity_name_fix_raw"
					}
				},
				{
					"type": "databaseTransferConsumer",
					"location": {
						"type": "mappings",
						"project": "PD4SDG",
						"dataSource": "postgres-jdbc-17121782691-6ec70b55c5f4a2f3",
						"entityId": "postgres-jdbc-17121782691-6ec70b55c5f4a2f3/PD4SDG/public/entity_raw"
					}
				},
				{
					"type": "databaseTransferConsumer",
					"location": {
						"type": "mappings",
						"project": "PD4SDG",
						"dataSource": "postgres-jdbc-17121782691-6ec70b55c5f4a2f3",
						"entityId": "postgres-jdbc-17121782691-6ec70b55c5f4a2f3/PD4SDG/public/project_entity_raw"
					}
				},
				{
					"type": "databaseTransferConsumer",
					"location": {
						"type": "mappings",
						"project": "PD4SDG",
						"dataSource": "postgres-jdbc-17121782691-6ec70b55c5f4a2f3",
						"entityId": "postgres-jdbc-17121782691-6ec70b55c5f4a2f3/PD4SDG/public/project_raw"
					}
				}
			],
			"configuration": {
				"maxJobCount": 1,
				"showFinalMessage": true,
				"StreamTransferProducer": {
					"mappings": [
						{
							"project": "PD4SDG",
							"entityId": "postgres-jdbc-17121782691-6ec70b55c5f4a2f3/PD4SDG/public/entity_raw",
							"attributes": {
								"id": {
									"targetName": "id",
									"mapping": "IMPORT"
								},
								"name": {
									"targetName": "name",
									"mapping": "IMPORT"
								},
								"type": {
									"targetName": "type",
									"mapping": "IMPORT"
								},
								"city": {
									"targetName": "city_name",
									"mapping": "IMPORT"
								},
								"subcountry": {
									"targetName": "subcountry_name",
									"mapping": "IMPORT"
								},
								"country": {
									"targetName": "country_name",
									"mapping": "IMPORT"
								}
							}
						},
						{
							"project": "PD4SDG",
							"entityId": "postgres-jdbc-17121782691-6ec70b55c5f4a2f3/PD4SDG/public/country_name_fix_raw",
							"attributes": {
								"orig": {
									"targetName": "orig",
									"mapping": "IMPORT"
								},
								"repl": {
									"targetName": "repl",
									"mapping": "IMPORT"
								}
							}
						},
						{
							"project": "PD4SDG",
							"entityId": "postgres-jdbc-17121782691-6ec70b55c5f4a2f3/PD4SDG/public/country_data_raw",
							"attributes": {
								"id": {
									"targetName": "id",
									"mapping": "IMPORT"
								},
								"country": {
									"targetName": "country_name",
									"mapping": "IMPORT"
								},
								"region": {
									"targetName": "region_name",
									"mapping": "IMPORT"
								},
								"population": {
									"targetName": "population",
									"mapping": "IMPORT"
								},
								"area (sq. mi.)": {
									"targetName": "area",
									"mapping": "IMPORT"
								},
								"pop. density (per sq. mi.)": {
									"targetName": "population_density",
									"mapping": "IMPORT"
								},
								"coastline (coast/area ratio)": {
									"targetName": "coastline",
									"mapping": "IMPORT"
								},
								"net migration": {
									"targetName": "net_migration",
									"mapping": "IMPORT"
								},
								"infant mortality (per 1000 births)": {
									"targetName": "infant_mortality",
									"mapping": "IMPORT"
								},
								"gdp ($ per capita)": {
									"targetName": "gdp",
									"mapping": "IMPORT"
								},
								"literacy (%)": {
									"targetName": "literacy",
									"mapping": "IMPORT"
								},
								"phones (per 1000)": {
									"targetName": "phones",
									"mapping": "IMPORT"
								},
								"arable (%)": {
									"targetName": "arable",
									"mapping": "IMPORT"
								},
								"crops (%)": {
									"targetName": "crops",
									"mapping": "IMPORT"
								},
								"other (%)": {
									"targetName": "other",
									"mapping": "IMPORT"
								},
								"climate": {
									"targetName": "climate",
									"mapping": "IMPORT"
								},
								"birthrate": {
									"targetName": "birthrate",
									"mapping": "IMPORT"
								},
								"deathrate": {
									"targetName": "deathrate",
									"mapping": "IMPORT"
								},
								"agriculture": {
									"targetName": "agriculture",
									"mapping": "IMPORT"
								},
								"industry": {
									"targetName": "industry",
									"mapping": "IMPORT"
								},
								"service": {
									"targetName": "service",
									"mapping": "IMPORT"
								}
							}
						},
						{
							"project": "PD4SDG",
							"entityId": "postgres-jdbc-17121782691-6ec70b55c5f4a2f3/PD4SDG/public/project_raw",
							"attributes": {
								"id": {
									"targetName": "id",
									"mapping": "IMPORT"
								},
								"un_id": {
									"targetName": "un_id",
									"mapping": "IMPORT"
								},
								"title": {
									"targetName": "title",
									"mapping": "IMPORT"
								},
								"site": {
									"targetName": "site",
									"mapping": "IMPORT"
								},
								"repeats": {
									"targetName": "repeats",
									"mapping": "IMPORT"
								}
							}
						},
						{
							"project": "PD4SDG",
							"entityId": "postgres-jdbc-17121782691-6ec70b55c5f4a2f3/PD4SDG/public/entity_name_fix_raw",
							"attributes": {
								"orig": {
									"targetName": "orig",
									"mapping": "IMPORT"
								},
								"repl": {
									"targetName": "repl",
									"mapping": "IMPORT"
								}
							}
						},
						{
							"project": "PD4SDG",
							"entityId": "postgres-jdbc-17121782691-6ec70b55c5f4a2f3/PD4SDG/public/city_raw",
							"attributes": {
								"geonameid": {
									"targetName": "city_id",
									"mapping": "IMPORT"
								},
								"city": {
									"targetName": "city_name",
									"mapping": "IMPORT"
								},
								"subcountry": {
									"targetName": "subcountry_name",
									"mapping": "IMPORT"
								},
								"country": {
									"targetName": "country_name",
									"mapping": "IMPORT"
								}
							}
						},
						{
							"project": "PD4SDG",
							"entityId": "postgres-jdbc-17121782691-6ec70b55c5f4a2f3/PD4SDG/public/project_entity_raw",
							"attributes": {
								"id": {
									"targetName": "un_id",
									"mapping": "IMPORT"
								},
								"un_id": {
									"targetName": "entity_name",
									"mapping": "IMPORT"
								},
								"n": {
									"targetName": "n",
									"mapping": "IMPORT"
								}
							}
						}
					]
				},
				"DatabaseTransferConsumer": {
					"container": "database://postgres-jdbc-17121782691-6ec70b55c5f4a2f3/PD4SDG/org.jkiss.dbeaver.ext.postgresql.model.PostgreSchema/public",
					"openNewConnections": true,
					"useTransactions": true,
					"commitAfterRows": 10000,
					"transferAutoGeneratedColumns": true,
					"truncateBeforeLoad": true,
					"openTableOnFinish": true
				},
				"producer": "stream_producer",
				"consumer": "database_consumer",
				"processor": "stream.csv",
				"processors": {
					"stream_producer:stream.csv": {
						"@propNames": "escapeChar,quoteChar,extension,delimiter,header,timestampFormat,encoding,",
						"escapeChar": "\\",
						"quoteChar": "\"",
						"extension": "csv,tsv,txt",
						"delimiter": ",",
						"header": "top",
						"timestampFormat": "yyyy-MM-dd[ HH:mm:ss[.SSS]]",
						"encoding": "utf-8"
					},
					"stream_consumer:stream.csv": {
						"@propNames": "quoteChar,rowDelimiter,extension,delimiter,header,formatNumbers,quoteAlways,quoteNever,escape,",
						"quoteChar": "\"",
						"rowDelimiter": "default",
						"extension": "csv",
						"delimiter": ",",
						"header": "top",
						"formatNumbers": "false",
						"quoteAlways": "default",
						"quoteNever": "false",
						"escape": "quotes"
					}
				}
			}
		}
	}
}