id,un_id,title,site,repeats
1,00031,Saving 1 Megawatt-Hour Of Power Every Day,"",1
2,00032,Without Water There Is No Life - Educational Component,"",1
3,00036,Promotion Of Green Productivity For Sustainable Development,"",1
4,00060,A Youth Delegation'S Commitment To Mission Leading Up To And During The Earth Summit,"",1
5,00062,Preparedness For Environmental Emergencies,"",1
6,00066,International Ecocity Framework And Standards Initiative,"",1
7,00070,Vision 2050: A New Agenda For Business In Brazil,"",1
8,00073,The Sustainagro Initiative,"",1
9,00074,Wind Power And Climate Change: Sustainable Development In Cear� (Brazil),"",1
10,00075,Access To Sustainable Electrification: Bridging The Financial And Entrepreneurial Gap And Boosting The Clean Development Mechanism,"",1
11,00076,World Environmental Constitution: A Tool For Urgent Transformation,"",1
12,00077,Greening Of Education: Ukraine'S Contribution,"",1
13,00078,Uic Declaration On Sustainable Mobility,"",1
14,00079,"Mountain Knowledge Solutions For Sustainable Green Economy And Improved Water, Food, Energy, And Environment Nexus","",1
15,00080,Supporting Women'S Leadership In Sustainable Agriculture And Forestry Initiatives,"",1
16,00085,Local Communities And Sustainable Development,"",1
17,00088,15/15/15 Un - Civil Society Partnership Voluntary Committment,"",1
18,00091,Vinylplus,Global,1
19,00092,Sustaining Resilience - Development In Crisis,"",1
20,00093,Min-E Access: Minimum Electricity Access,"",1
21,00095,La Trobe University,"",1
22,00096,Mainstreaming The 3rs And Resource Efficiency In The Overall Policy Development At Local And National Levels In Asia-Pacific Countries,"",1
23,00097,Rmit University,"",1
24,00098,University Of Ballarat,"",1
25,00099,University Of Technology Sydney,"",1
26,00100,"University Of Natural Resources And Life Sciences, Vienna","",1
27,00101,International Sakharov Environmental University,"",1
