{
	"folders": {},
	"connections": {
		"postgres-jdbc-17121782691-6ec70b55c5f4a2f3": {
			"provider": "postgresql",
			"driver": "postgres-jdbc",
			"name": "PostgreSQL - PD4SDG",
			"save-password": true,
			"read-only": false,
			"configuration": {
				"host": "localhost",
				"port": "5432",
				"database": "PD4SDG",
				"url": "jdbc:postgresql://localhost:5432/PD4SDG",
				"home": "postgresql-x64-12",
				"type": "dev",
				"provider-properties": {
					"@dbeaver-show-non-default-db@": "false",
					"@dbeaver-show-template-db@": "false",
					"postgresql.dd.plain.string": "false",
					"postgresql.dd.tag.string": "false"
				},
				"auth-model": "native",
				"handlers": {}
			}
		}
	},
	"connection-types": {
		"dev": {
			"name": "Development",
			"color": "255,255,255",
			"description": "Regular development database",
			"auto-commit": true,
			"confirm-execute": false,
			"confirm-data-change": false
		}
	}
}