{"resources":{"Scripts/Script-1.sql":{"sql-editor-data-source-id":"postgres-jdbc-17121782691-6ec70b55c5f4a2f3","default-catalog":"PD4SDG","default-schema":"public"},"Scripts/Script.sql":{"default-schema":"public","sql-editor-data-source-id":"postgres-jdbc-17121782691-6ec70b55c5f4a2f3","default-catalog":"PD4SDG"},"Scripts/make_PD4SDG_1.sql":{"default-schema":"public","sql-editor-data-source-id":"postgres-jdbc-17132991bc4-46037f85013cf03a","default-catalog":"temp_db"},"Scripts/process.sql":{"default-schema":"public","sql-editor-data-source-id":"postgres-jdbc-17121782691-6ec70b55c5f4a2f3","default-catalog":"PD4SDG"}}}